Lingua	Titolo	Anno	Genere	Link	Formato	Descrizione	Locandina	Durata	Info	Lingua	Sezione
Italiano	100% Coco	2017	Famiglia	https://b70cb04c54ab478189e9d8ee45637b13.msvdn.net/dom2/podcastcdn/teche_root/PLAYRAI_TECHE_CINEMA_HD_2/10008256_,1800,.mp4.csmil/playlist.m3u8?auth=daEcvbYb_a1cJcHd6dbaudkaUb8bqaddBcG-bI_7HQ-c0-BkrvuEq&aifp=V001	m3u8	Il primo giorno di scuola al liceo è difficile per Coco. Viene presa in giro per il suo modo di vestire originale. Coco, infatti, è un'appassionata di moda e sogna di diventare una stilista	https://www.raiplay.it/cropgd/300x400/dl/img/2020/01/07/1578415966256_1536x2048_logo.jpg	1h25m		Italiano	Kids
Italiano	100% Coco - New York	2019	Famiglia	https://vod8-rai-it.akamaized.net/podcastcdn/raicinema/I_film_della_settimana/11597992_,800,1800,2400/playlist.m3u8?auth=daEcddbbycVd3aNdAaQbBa8dxdkawa5aVaF-bI_7IG-c0-DmsvvGu&aifp=V001	m3u8	Sei settimane indimenticabili per la giovane e talentuosa Coco, aspirante stilista con tanta voglia di emergere, che passerà a New York l'estate più bella della sua vita.	https://www.raiplay.it/cropgd/300x400/dl/img/2020/01/07/1578416172241_1536x2048_logo.jpg	1h17m		Italiano	Kids
Italiano	Abel - Il figlio del vento	2015	Famiglia	https://b70cb04c54ab478189e9d8ee45637b13.msvdn.net/ostr1/podcastcdn/teche_root/YT_ITALIA_TECHE_HD_multiaudio/14337916_,1200,1800,2400/playlist.m3u8?auth=daEd2dPd_ahcrdXapcRb3accucjc1dZazcd-bJd49r-c0-EmsxuEu&aifp=V001	m3u8	Tra le alte vette, due aquilotti appena nati lottano nel nido: il primogenito fa precipitare il secondo. A salvare l'aquilotto caduto è un ragazzo, Lukas, che ha un difficile rapporto con il padre cacciatore. Proprio per questo Lukas tiene nascosta la presenza del rapace mentre lo nutre e cerca di prepararlo alla dura battaglia della vita con l'aiuto di Danzer, un saggio guardaboschi	https://www.raiplay.it/cropgd/300x400/dl/img/2019/12/24/1577185185190_1536x2048_logo.jpg	1h35m		Italiano	Kids
Italiano	ACQUATEAM - Missione Mare	2021	Animazione - Fantastico	https://b70cb04c54ab478189e9d8ee45637b13.msvdn.net/dom7/podcastcdn/teche_root/KIDS_TECHE_HD/14146339_,1200,1800,2400,.mp4.csmil/playlist.m3u8?auth=daEdsdaaUbTbtdIaDdIbLdFbcbdbbcfaLa3-bI__iT-c0-ImruxFs&aifp=V001	m3u8	Il formidabile "ACQUATEAM" è pronto a tuffarsi fra i tesori del mare per difenderli dalle minacce dell'inquinamento: è questa la missione della "strana coppia" formata dalla "super-biologa" marina Marysun, versione animata dell'esperta oceanografa Mariasole Bianco, nota al pubblico televisivo per i suoi interventi nella trasmissione di Rai3 "Kilimangiaro", e il suo inseparabile assistente, un polpo dalle mille risorse di nome Otty. Se una balena smette improvvisamente di cantare, la barriera corallina sbianca, un pesce del Pacifico si perde nel Mediterraneo o più semplicemente una ragazzina vuole scoprire le meraviglie del mare... 	https://www.raiplay.it/cropgd/300x400/dl/img/2021/03/17/1615989231593_h2-team-missione-mare_1536x2048_logo.jpg	24m		Italiano	Kids
Italiano	Allegro non troppo	1977	Animazione - Fantastico	https://b70cb04c54ab478189e9d8ee45637b13.msvdn.net/ostr2/podcastcdn/teche_root/YT_ITALIA_TECHE_HD/dYfm1344p90MssSlash59bWvq86weeqqEEqualeeqqEEqual_,1200,1800,2400/playlist.m3u8?auth=daEcbaJbzafaVaLbOaDawcfaQdWc5aMdmbH-bJaKnh-c0-BjwvwEs&aifp=V001	m3u8	Un regista, deciso a fare un film a disegni animati su brani musicali celebri, mette insieme un'orchestra di "vecchiacce" e la porta al Teatro Donizetti di Bergamo. Qui dovrà vedersela con un confusionario direttore d'orchestra e con i trucchi biechi della produzione. Un autentico cult di Bruno Bozzetto, un omaggio creativo, ironico e graffiante a "Fantasia" della Disney.	https://www.raiplay.it/cropgd/300x400/dl/img/2022/07/01/1656680464303_1536x2048_logo.jpg	1h14m		Italiano	Kids
Italiano	Bastoncino	2015	Animazione - Fantastico	https://b70cb04c54ab478189e9d8ee45637b13.msvdn.net/dom7/podcastcdn/teche_root/KIDS_TECHE_HD/oiYNW4ZqMY4WFf9pPpPluss9ANskAeeqqEEqualeeqqEEqual_,1200,1800,2400,.mp4.csmil/playlist.m3u8?auth=daEbNaecUdabzcDchaYbTd7aQbidYdBcPbx-bJerbU-c0-JjvwxHn&aifp=V001	m3u8	Dal libro di Julia Donaldson illustrato da Alex Scheffler, il team di Michael Rose, che ha prodotto il pluripremiato "Gruffalo", trasforma in un nuovo avvincente e commovente film animato il racconto dell'epico viaggio che un padre di famiglia affronta per tornare a casa in tempo per Natale e viverlo in serenità con gli affetti più cari	https://www.raiplay.it/cropgd/300x400/dl/img/2020/08/18/1597760125436_Bastoncino_1536x2048_logo.jpg	28m		Italiano	Kids
Italiano	Bat Pat - Ho! Ho! Ho! Buon Natale da urlo	2019	Animazione - Fantastico	https://b70cb04c54ab478189e9d8ee45637b13.msvdn.net/dom7/podcastcdn/teche_root/KIDS_TECHE_HD/11566132_,1200,1800,2400,.mp4.csmil/playlist.m3u8?auth=daEbHbOdRcUa5avbncmcGa7aSdIaYbramae-bJerdq-c0-DkrxuGt&aifp=V001	m3u8	Nell'episodio speciale di Natale, Bat Pat e i Silver si trovano ad aiutare Zuccherello, una creatura capellona che sogna di costruire giocattoli e diventare un elfo di Babbo Natale. Purtroppo le sue creazioni fanno spaventare i bambini a Fogville, così i ragazzi decidono di accompagnarlo da Babbo Natale in persona. Arrivati al Polo Nord, però, scoprono che le renne sono scappate, spaventate da un drago incantato di nome Kaya. Dopo vari tentativi di far muovere la slitta senza renne, Bat Pat e i Silver capiscono che l'unico modo per salvare il Natale è trovare un mezzo di trasporto alternativo per Babbo Natale.	https://www.raiplay.it/cropgd/300x400/dl/img/2019/12/23/1577117937216_1536x2048-logo.jpg	24m		Italiano	Kids
Italiano	Bat Pat - Speciale Halloween	2019	Animazione - Fantastico	https://b70cb04c54ab478189e9d8ee45637b13.msvdn.net/dom2/Italy/podcastcdn/junior/Rai_Gulp/Bat_Pat/11275570_,800,1800,2400,.mp4.csmil/playlist.m3u8?auth=daEa3aMaBbybkbicldkbwcQdSbScvaiagaI-bJereq-c0-FjzuyFr&aifp=V001	m3u8	Freddo, un vampiro musicista, è in cerca di una nuova band per suonare al ballo di Halloween. Per questo chiede aiuto a Bat Pat e i Silver, tre ragazzini appassionati di soprannaturale: dopo averlo aiutato, i nostri protagonisti lo accompagnano a prendere lo Spettrotreno per il Monte Halloween. Ma trovano una brutta sorpresa: qualcuno ha rubato il carbone incantato che mette in moto lo Spettrotreno. Bat Pat e i ragazzi proveranno a trovare un carburante alternativo...	https://www.raiplay.it/cropgd/300x400/dl/img/2019/10/24/1571937361882_1536x2048_logo.jpg	24m		Italiano	Kids
Italiano	Berry Bees - Natale 2.0	2019	Animazione - Fantastico	https://b70cb04c54ab478189e9d8ee45637b13.msvdn.net/dom6/podcastcdn/teche_root/KIDS_TECHE_HD/11538635_,1800,.mp4.csmil/playlist.m3u8?auth=daEacchaZaJd4azbBbYacdvdbc1cYa1aGbX-bJeAJe-c0-ClyusEs&aifp=V001	m3u8	È la vigilia di Natale, ma non è ancora venuto il momento di festeggiare per le Berry Bees: Babbo Natale è in pericolo! A Bobby, Lola e Juliette non resta che trovare il modo di raggiungere il fantomatico laboratorio di giocattoli al Polo Nord: comincia per le Berry Bees una corsa mozzafiato contro il tempo. Riusciranno Bobby, Lola e Juliette a salvare il Natale?	https://www.raiplay.it/cropgd/300x400/dl/img/2019/12/18/1576669699562_Berry%20Bees%20Speciale%20Natale_1536x2048_logo%20OK.jpg	24m		Italiano	Kids
Italiano	Berry Bees - Tre volte trappola	2019	Animazione - Fantastico	https://b70cb04c54ab478189e9d8ee45637b13.msvdn.net/ostr8/podcastcdn/junior/Rai_Gulp/Berry_Bees/11639815_,800,1800,2400/playlist.m3u8?auth=daEdUaWc4c9dWdQc2dKcbbybPcJd1b6d7cT-bJeAJ.-c0-GjzwxGo&aifp=V001	m3u8	Non c'è un attimo di riposo per le giovani spie: Ms. Berry ha di nuovo bisogno di loro e questa volta le chiama addirittura al cellulare! La BIA è in serio pericolo, qualcuno ha rapito tutti gli agenti adulti e li tiene prigionieri in un parco dei divertimenti abbandonato sull'Isola dello Strillo. Le Berry Bees sono le uniche in grado di salvare l'intera agenzia e devono farlo in fretta. Ma al loro arrivo, una terribile sorpresa le aspetta... Sono qui per salvare le spie o sono loro il vero bersaglio? E chi è il misterioso nemico che sta cercando a tutti i costi di distruggere la BIA?	https://www.raiplay.it/cropgd/300x400/dl/img/2020/04/03/1585931207050_Berry%20Bees%20-%20Tre%20volte%20trappola_1536x2048_logo.jpg	23m		Italiano	Kids
Italiano	Come foglie al vento	2021	Animazione - Fantastico	https://b70cb04c54ab478189e9d8ee45637b13.msvdn.net/dom6/podcastcdn/teche_root/KIDS_TECHE_HD/B5bn53Mldr0Lxe8kfYdZaQeeqqEEqualeeqqEEqual_,1200,1800,2400,.mp4.csmil/playlist.m3u8?auth=daEdPbcdpcBbbdAcNbNc2cecqaNbaaHaXd.-bJfqac-c0-BktxwGu&aifp=V001	m3u8	Riccardo Calimani, scrittore e storico, durante una passeggiata nel ghetto di Venezia, si imbatte in due adolescenti cui racconta la storia dei propri genitori in un viaggio temporale attraverso gli anni del fascismo e della Shoah. I due ragazzi in gita in laguna ascoltano oggi quanto vissuto da due giovanissimi che, molti anni prima, per aver salva la vita, furono costretti a fuggire da Venezia, come foglie al vento	https://www.raiplay.it/cropgd/300x400/dl/img/2022/01/14/1642183486663_come-foglie-al-vento_1536x2048_logo.jpg	11m		Italiano	Kids
Italiano	Conni & Co	2016	Famiglia	https://vod3-rai-it.akamaized.net/podcastcdn/teche_root/PLAYRAI_TECHE_CINEMA_HD_2/9883211_,1200,1800,2400/playlist.m3u8?auth=daEaYaNardyc6dRdac.bScebgbhcvdVdddM-bJaP11-c0-AjAuyHr&aifp=V001	m3u8	Per la dodicenne Conni, costretta a cambiare scuola, il nuovo anno inizia davvero male: presa di mira da coetanee dedite ad atti di bullismo e separata dal suo adorato cane, deve adattarsi a nuovi compagni e nuove abitudini. Come se non bastasse, si scontra subito con il preside Möller, che rende la vita impossibile agli studenti e maltratta gli animali.	https://www.raiplay.it/cropgd/300x400/dl/img/2019/07/15/1563205820850_1536x2048logo.JPG	1h41m		Italiano	Kids
Italiano	Conni & Co 2 - Il segreto del T-Rex	2017	Famiglia	https://b70cb04c54ab478189e9d8ee45637b13.msvdn.net/ostr9/podcastcdn/junior/Rai_Gulp/Conni_and_co/12358616_,800,1800,2400/playlist.m3u8?auth=daEa9aob4cOblaQbLawb4bnavcecgddbWcm-bJaP2I-c0-BjvvxGn&aifp=V001	m3u8	Conni ed i suoi amici passano l'estate su un'isola in mezzo al lago di Neustadt. Il sindaco Moller decide di farci costruire un enorme hotel, ma i ragazzi trovano sull'isola un osso di dinosauro	https://www.raiplay.it/cropgd/300x400/dl/img/2020/01/03/1578046584246_1536x2048_logo.jpg	1h32m		Italiano	Kids
Italiano	Cuccioli - Il codice di Marco Polo	2010	Animazione - Fantastico	https://vod8-rai-it.akamaized.net/podcastcdn/raicinema/I_film_della_settimana/10235021_,800,1800/playlist.m3u8?auth=daEdxbkaIdydMaxbrdyaSb.cRbHaabEcxch-bJfqXT-c0-DkruvHr&aifp=V001	m3u8	Maga Cornacchia è decisa a distruggere Venezia: ha infatti trovato sull'Himalaya il Palazzo della Magia, il luogo che contiene tutte le magie inventate dai Maghi orientali negli ultimi cinquemila anni, e vuole usarle per prosciugare la laguna. Esiste un solo modo per fermarla: i sei impavidi Cuccioli dovranno ritrovare il Codice di Marco Polo che contiene le istruzioni per accedere al magico Palazzo di Venezia...	https://www.raiplay.it/cropgd/300x400/dl/img/2019/07/09/1562684905015_il-codice-di-marco-polo1536x2048.jpg.jpg	1h31m		Italiano	Kids
Italiano	Cuccioli - Il paese del vento	2014	Animazione - Fantastico	https://b70cb04c54ab478189e9d8ee45637b13.msvdn.net/dom2/Italy/podcastcdn/junior/Cuccioli_in_festa/Cuccioli_geoprotetta/10267775_,800,1800,.mp4.csmil/playlist.m3u8?auth=daEajcAacc4asbhccahdacha5btasaEa2ae-bJfqYJ-c0-JlxutGt&aifp=V001	m3u8	I Cuccioli arrivano nel Paese del Vento: il paese funziona grazie ad una grande quantità di energia eolica ricavata da una girandola. Maga Cornacchia però vuole vendicarsi dei Cuccioli ed impossessarsi della Girandola per controllare il paese...	https://www.raiplay.it/cropgd/300x400/dl/img/2019/07/09/1562685647294_il-paese-del-vento1536x2048.jpg.jpg	1h15m		Italiano	Kids
Italiano	Don Bosco	1988	Famiglia	https://b70cb04c54ab478189e9d8ee45637b13.msvdn.net/dom7/podcastcdn/teche_root/playrai_teche/5591932_,1200,1800,2400,.mp4.csmil/playlist.m3u8?auth=daEcec1bDbtbVcBaybVdMbFacdPdwaidQc8-bJaZ2w-c0-EluvAFw&aifp=V001	m3u8	Leandro Castellani ripercorre in questa pellicola la vita di Don Bosco, dedicata in toto al tentativo di dare ai giovani di strada la possibilità di affrancarsi dalla propria situazione e di guadagnarsi un futuro migliore.	https://www.raiplay.it/cropgd/300x400/dl/img/2020/08/31/1598871214668_1536x2048_logo.jpg	1h49m		Italiano	Kids
Italiano	Foxter & Max	2019	Famiglia	https://vod1-rai-it.akamaized.net/podcastcdn/teche_root/KIDS_TECHE_HD_multiaudio/avQIKskssSlash91AjTxqrbu61mAeeqqEEqualeeqqEEqual_,1200,1800,2400/playlist.m3u8?auth=daEdybucOdCcSc0cLbldwbSdycncocPdkdT-bJa5WB-c0-EkrwrHv&aifp=V001	m3u8	Max è un ragazzino timido e introverso con un grande sogno nel cassetto: disegnare fumetti. La sua creazione preferita è un cane robot che usa i suoi superpoteri per combattere le ingiustizie. Che succederebbe se il suo eroe diventasse reale?	https://www.raiplay.it/cropgd/300x400/dl/img/2022/03/23/1648038091424_foxter-and-max_1536x2048_logo.jpg	1h26m		Italiano	Kids
Italiano	Francesco (Film Animazione)	2020	Animazione - Fantastico	https://b70cb04c54ab478189e9d8ee45637b13.msvdn.net/dom7/podcastcdn/teche_root/KIDS_TECHE_HD/13178037_,1200,1800,2400,.mp4.csmil/playlist.m3u8?auth=daEciavcodic0aPd3d5d6aZaxdNdObTdybB-bJfHGV-c0-IjswvHv&aifp=V001	m3u8	È il tempo della V Crociata, quando Francesco di Assisi parte alla volta di Damietta per portare un messaggio di pace in una terra devastata da una feroce guerra combattuta in nome della salvaguardia della fede. Le uniche armi che il giovane possiede, e che esercita con determinazione, sono la convinzione del suo animo e la forza del dialogo. Dopo un intenso ed animato scambio di opinioni, spesso contrastanti, il frate ed il sultano musulmano al-Malik riusciranno a calarsi l'uno nei panni dell'altro. Qualche anno dopo verrà infatti raggiunto l'accordo di pace tra il Sultano e l'imperatore Federico II di Svevia, accordo che storicamente rappresentò una parentesi di pace in secoli di	https://www.raiplay.it/cropgd/300x400/dl/img/2020/09/28/1601293230655_francesco-film-animazione_1536x2048_logo.jpg	30m		Italiano	Kids
Italiano	Fuga dal pianeta terra	2016	Animazione - Fantastico	https://vod8-rai-it.akamaized.net/podcastcdn/raicinema/I_film_della_settimana/12089250_,800,1800,2400/playlist.m3u8?auth=daEdrdVahaQdidab_arbwbHc7dtalbydDch-bJa6dc-c0-HmyuyEp&aifp=V001	m3u8	Il più famoso viaggiatore spaziale del Pianeta Baab, Scorch Supernova, è ritenuto un eroe: lui fa di tutto per meritare questo titolo. A sostenerne le prodezze, nella stazione di comando, lavora il fratello Gary. Quando Scorch Supernova deciderà di partire in direzione del Pianeta Oscuro, Gary tenterà di fermarlo, considerando l'operazione troppo pericolosa. Ma stoppare Scorch Supernova è impresa ardua... e l'avventura avrà presto inizio	https://www.raiplay.it/cropgd/300x400/dl/img/2019/12/30/1577701420989_1536x2048_logo.jpg	1h20m		Italiano	Kids
Italiano	Gormiti - La chiamata dei lord	2020	Animazione - Fantastico	https://b70cb04c54ab478189e9d8ee45637b13.msvdn.net/dom7/podcastcdn/teche_root/KIDS_TECHE_HD/13582134_,1200,1800,2400,.mp4.csmil/playlist.m3u8?auth=daEbdcqcdaPaMbFdObPcRchcxaVb0dYd5dV-bJbiTA-c0-DlxwuEo&aifp=V001	m3u8	Riviviamo le migliori avventure dei Gormiti, insieme ai mitici Jonny & Giada, direttamente dal Gormiti Show! Le scene più belle della serie animata ci condurranno alla visione di un esclusivo episodio della terza stagione del cartone, mai visto prima! Le battaglie più emozionanti, le gag più divertenti e tante risate con Jonny e Giada! Pronti per una nuova, gormitica avventura?	https://www.raiplay.it/cropgd/300x400/dl/img/2020/12/10/1607626844006_Gormiti-La-chiamata-dei-lord_1536x2048_logo.jpg	1h24m		Italiano	Kids
Italiano	Gruffalò e la sua piccolina	2011	Animazione - Fantastico	https://b70cb04c54ab478189e9d8ee45637b13.msvdn.net/ostr8/podcastcdn/junior/Rai_Yoyo/Gruffalo/8094559_,800,1800/playlist.m3u8?auth=daEb3dLbaaDakbOcJdid7b7dccXbLdeb6aZ-bJfW3V-c0-FmyvrEw&aifp=V001	m3u8	Due piccoli scoiattoli dopo aver trovato delle impronte impresse nella neve chiedono alla madre se appartengono al Gruffalo. La mamma scoiattolo allora gli racconta la storia della cucciola di Gruffalo, una creaturina molto curiosa e coraggiosa, che vuole sempre andare a giocare nella foresta e del papà Gruffalo che per impedirglielo, inventa la storia del Grande Topo Tremendo, un essere mostruoso che vive proprio nel folto della foresta. Una notte, la cucciola esce silenziosamente dalla tana e si avventura alla ricerca di questo essere pauroso...	https://www.raiplay.it/cropgd/300x400/dl/img/2019/07/09/1562686024683_Gruffalo-e-la-sua-piccolina1536x2048.jpg.jpg	27m		Italiano	Kids
Italiano	Hanukkah - La festa delle luci	2019	Animazione - Fantastico	https://b70cb04c54ab478189e9d8ee45637b13.msvdn.net/dom7/podcastcdn/teche_root/KIDS_TECHE_HD/13597300_,1200,1800,2400,.mp4.csmil/playlist.m3u8?auth=daEcEcndnbjdbcycddZa6cWa0dPdWa_dBaA-bJf2uN-c0-AluxuFw&aifp=V001	m3u8	Nella Roma del dopoguerra, tra la comunità ebraica che vuole ricominciare a vivere liberamente dopo anni di persecuzioni razziste, una giovane pasticcera di nome Anna lotta per salvare la bottega di famiglia dalle grinfie di Antioco, un uomo meschino e spietato. In un'epoca in cui manca il necessario, alla vigilia della festa di Hanukkah, l'amicizia e la solidarietà faranno la differenza...	https://www.raiplay.it/cropgd/300x400/dl/img/2019/12/17/1576604761914_Hannoukah_1536x2048_logo.jpg	16m		Italiano	Kids
Italiano	Heidi	2015	Famiglia	https://vod1-rai-it.akamaized.net/podcastcdn/teche_root/YT_ITALIA_TECHE_HD_multiaudio/oV3EFdWPgzxmtFzw51fTFgeeqqEEqualeeqqEEqual_,1200,1800,2400/playlist.m3u8?auth=daEa6cwbmbCdBdMaca3abcYd8aodGbGb1bL-bJbi6V-c0-IltvtFv&aifp=V001	m3u8	Heidi è una bambina allegra, vivace che vive assieme al nonno tra i monti della Svizzera. Passa il suo tempo con l'amico Peter pascolando le capre del nonno. La sua vita viene stravolta quando sua zia, Dete, decide di portarla a Francoforte, nella casa dei Sesemann dove conosce Clara. Adattamento cinematografico del romanzo di Johanna Spyri	https://www.raiplay.it/cropgd/300x400/dl/img/2020/01/08/1578478471854_1536x2048logo.JPG	1h47m		Italiano	Kids
Italiano	Heidi Special - Giochi di inverno	2020	Animazione - Fantastico	https://b70cb04c54ab478189e9d8ee45637b13.msvdn.net/dom1/Italy/podcastcdn/junior/Heidi_EP_Puntate/12672743.mp4/playlist.m3u8?auth=daEc.aAcIbWciaoctd0bEa.dUcgc9d_chcZ-bJf2y2-c0-CjxwvFv&aifp=V001	m3u8	Clara e il signor Sesemann sono arrivati a Dörfli e saranno ospiti di Heidi e suo nonno. Teresa è gelosa della bellissima amicizia che c'è tra Heidi e Clara, ma accetta comunque di giocare con loro alla gara delle slitte. Durante la discesa, Teresa perde la lista della spesa del nonno di Heidi e, sentendosi in colpa, scappa rifugiandosi nella baita su in montagna. Dopo varie ricerche, saranno Heidi, Clara e Peter a trovare Teresa ed a riportarla a casa sana e salva...	https://www.raiplay.it/cropgd/300x400/dl/img/2020/06/30/1593506503054_Heidi%20Playmobil%20Inverno_1536x2048_logo.jpg	24m		Italiano	Kids
Italiano	Henry, ti presento Oliver	2020	Famiglia	https://b70cb04c54ab478189e9d8ee45637b13.msvdn.net/dom7/podcastcdn/teche_root/KIDS_TECHE_HD/h59r4RAYqKmOw1Rohb2HjAeeqqEEqualeeqqEEqual_,1200,1800,2400,.mp4.csmil/playlist.m3u8?auth=daEc4aZaIcLc1arbzcZaGbDdzbJbvarc2aS-bJf2AK-c0-GjsuvGu&aifp=V001	m3u8	Il dodicenne Oliver è un ragazzino prodigio. Nonostante questo, però, il suo ultimo esperimento di scienze non va come dovrebbe... Il risultato porta infatti ad un'inattesa connessione telepatica tra il giovane e il suo cane Henry. Dopo un primo momento di smarrimento, i due dovranno unire le loro forze e i loro pensieri per superare i problemi che sorgono a scuola e aiutare i genitori di Oliver a ritrovare l'intesa perduta	https://www.raiplay.it/cropgd/300x400/dl/img/2022/08/09/1660047707106_henry-ti-presento-oliver_1536x2048_logo%201.jpg	1h28m		Italiano	Kids
Italiano	Houdini	2014	Animazione - Fantastico	https://vod8-rai-it.akamaized.net/podcastcdn/raicinema/I_film_della_settimana/8115416_,800,1800/playlist.m3u8?auth=daEaTdvdPbya_dqcubxatafd.a8cHcAdHaR-bJf3j8-c0-FmsxsFr&aifp=V001	m3u8	Una fiaba animata che ci conduce con dolcezza e maestria nel mondo della magia. Houdini già da bambino è alle prese con i primi esperimenti di magia. La strada è lunga, all'inizio piena di spiacevoli imprevisti, ma il piccolo mago è destinato a diventare molto presto il più celebre illusionista della sua epoca	https://www.raiplay.it/cropgd/300x400/dl/img/2019/10/16/1571223090541_1536x2048_logo.jpg	53m		Italiano	Kids
Italiano	I colori del Natale	2020	Animazione - Fantastico	https://b70cb04c54ab478189e9d8ee45637b13.msvdn.net/dom6/podcastcdn/teche_root/KIDS_TECHE_HD/13700363_,1200,1800,2400,.mp4.csmil/playlist.m3u8?auth=daEbyb6bLb4cja5dhbKaZcNb9aIaudldAcl-bJf3mw-c0-EkzvyFt&aifp=V001	m3u8	Storia animata di un Natale speciale, quello delle minoranze cristiane in Medio Oriente che negli ultimi anni sperimentano sempre maggiori difficoltà e pericoli per festeggiare la ricorrenza. Rientrati nel loro villaggio dopo la guerra, mentre la cattedrale è un cumulo di macerie e tutte le messe della notte di Natale sono cancellate per motivi di sicurezza, tre ragazzini sfuggono al controllo delle loro famiglie per cercare di realizzare il sogno di Miriam, far sì che lei possa tornare a colorare il presepe. La missione però si complica a causa del buio e di paurosi personaggi che i giovani incontrano sul loro cammino. Per fortuna, grazie alla piccola Sara, i ragazzi si rifugiano tra le macerie della	https://www.raiplay.it/cropgd/300x400/dl/img/2020/12/23/1608721042651_I-colori-del-Natale%201536x2048_logo.jpg	17m		Italiano	Kids
Italiano	I colori di Babou	2018	Animazione - Fantastico	https://b70cb04c54ab478189e9d8ee45637b13.msvdn.net/dom2/Italy/podcastcdn/junior/Rai_Gulp/I_colori_di_Babou/9360161.mp4/playlist.m3u8?auth=daEdHahaqaQaRcYcJckcQcHdid7bicsc4ce-bJf3vd-c0-DjyuxEp&aifp=V001	m3u8	Quando c'è una decisione da prendere, ascolta il tuo cuore senza farti condizionare dal clamore degli altri: è questo il significato di "Babou", che in meno di due minuti, passando dal bianco e nero al colore, riesce a toccare temi importanti, come il bullismo. Babou è una bambina come tante, che ha la tendenza a seguire i comportamenti degli altri, ma una mattina, nel cortile della scuola, ha un'illuminazione e capisce che è il momento di fare per prima un passo avanti...	https://www.raiplay.it/cropgd/300x400/dl/img/2022/01/25/1643107513780_i-colori-di-babou_1536x2048_logo.jpg	2m		Italiano	Kids
Italiano	I Fantastici Cinque - La valle dei Dinosauri	2018	Famiglia	https://b70cb04c54ab478189e9d8ee45637b13.msvdn.net/dom6/podcastcdn/teche_root/KIDS_TECHE_HD/11815879_,1200,1800,2400,.mp4.csmil/playlist.m3u8?auth=daEcebAbfcVarbDbGdYdTb7ama9d5aCdfdS-bJgmaK-c0-EkxvwGu&aifp=V001	m3u8	Sono arrivate le vacanze estive ed i giovani detective George, Julian, Dick e Anne con il loro fedele cane Timmy, sono stati invitati ad un matrimonio. Durante il viaggio, un imprevisto però li obbliga a fare una sosta inaspettata in una piccola cittadina, dove al Museo di Storia Naturale è possibile ammirare le ossa di una specie sconosciuta di dinosauro. Visitando la mostra, i ragazzi hanno modo di fare conoscenza con l'irritabile Marty Bach, che sostiene che suo padre, oramai defunto, aveva trovato lo scheletro di un dinosauro perfettamente conservato. Il caso e parecchi indizi attirano così la loro curiosità spingendoli ad indagare...	https://www.raiplay.it/cropgd/300x400/dl/img/2020/01/29/1580319162723_1536x2048_logo.jpg	1h38m		Italiano	Kids
Italiano	Il castello di Schreckenstein	2016	Famiglia	https://vod3-rai-it.akamaized.net/podcastcdn/teche_root/PLAYRAI_TECHE_CINEMA_HD_2/9881697_,1200,1800,2400/playlist.m3u8?auth=daEcTaka2cNbhc8dTc2dvb3cGb5becFaKaK-bJbn36-c0-FjruvGw&aifp=V001	m3u8	Stephan è un adolescente con qualche problema scolastico. I genitori, separati e con mille problemi, decidono di mandarlo nel Castello di Schreckenstein, un collegio con metodi educativi fuori dal comune...	https://www.raiplay.it/cropgd/300x400/dl/img/2019/10/29/1572360596894_1536x2048logo.JPG	1h33m		Italiano	Kids
Italiano	Il castello di Schreckenstein 2 - Baci non vietati	2017	Famiglia	https://b70cb04c54ab478189e9d8ee45637b13.msvdn.net/dom7/podcastcdn/teche_root/PLAYRAI_TECHE_CINEMA_HD/12872887_,1200,1800,2400,.mp4.csmil/playlist.m3u8?auth=daEc5a7dfbCbudNdGdjboaAbAamakdzdsbx-bJbn5P-c0-HjAxwFv&aifp=V001	m3u8	I ragazzi del Castello di Schreckenstein e della scuola Rosenfels fanno a gara per lo scherzo migliore. Stavolta, però, un incidente mette fuori gioco il Conte Schreckenstein, durante la cui assenza il castello si ritrova sull'orlo della rovina finanziaria. Suo cugino, quindi, assume la direzione della scuola...	https://www.raiplay.it/cropgd/300x400/dl/img/2020/06/04/1591286258762_castello_1536x2048_logo.jpg	1h37m		Italiano	Kids
Italiano	Il club dei brutti	2019	Famiglia	https://b70cb04c54ab478189e9d8ee45637b13.msvdn.net/dom6/podcastcdn/teche_root/KIDS_TECHE_HD/13846002_,1200,1800,2400,.mp4.csmil/playlist.m3u8?auth=daEd5cEbmb5cddzb1dScUbUaKcebEcLagd8-bJbn9I-c0-HlrvtFu&aifp=V001	m3u8	Mantenere "tutto pulito" è uno dei diktat del nuovo presidente: l'ordine non riguarda soltanto le strade della città, ma anche l'aspetto dei suoi abitanti. Tra questi c'è Paul, le cui grandi orecchie spiccano sempre nelle foto di classe con gli altri compagni. Un giorno, Paul e un altro gruppo di bambini "brutti" vengono selezionati per una gita premio, ma durante il viaggio si rendono conto che l'obiettivo dei dirigenti scolastici è quello di nasconderli per sempre. A Paul non resta che scappare e con l'aiuto di Sara, una delle bambine "belle", dare vita a un movimento in difesa del diritto di tutti ad avere il proprio posto nel mondo...	https://www.raiplay.it/cropgd/300x400/dl/img/2021/01/21/1611233402597_il-club-dei-brutti-1536x2048_logo.jpg	1h33m		Italiano	Kids
Italiano	Il diritto alla felicità	2019	Famiglia	https://b70cb04c54ab478189e9d8ee45637b13.msvdn.net/dom7/podcastcdn/teche_root/KIDS_TECHE_HD/15534643_,1200,1800,2400,.mp4.csmil/playlist.m3u8?auth=daEbybpbZb4aDbBbyarclbcaxc0a6aqcnbF-bJbogR-c0-EkwvsFt&aifp=V001	m3u8	Libero è un appassionato venditore di libri usati ed Essien è un ragazzino immigrato che vive in Italia da qualche anno. L'amicizia tra i due passa attraverso i libri che Libero presta ad Essien e la complicità tra loro cresce parallelamente alle emozioni che ciascuno di questi romanzi può regalare. Essien incontra l'Occidente attraverso la sua letteratura, Libero porta a compimento il significato del suo nome cercando di fare di Essien un uomo libero...	https://www.raiplay.it/cropgd/300x400/dl/img/2021/11/17/1637157549854_il-diritto-alla-felicita_1536x2048_logo.jpg	1h22m		Italiano	Kids
Italiano	Il futuro passa di qui - La nostra Costituzione	2021	Famiglia	https://b70cb04c54ab478189e9d8ee45637b13.msvdn.net/dom7/podcastcdn/teche_root/KIDS_TECHE_HD/14661847_,1200,1800,2400,.mp4.csmil/playlist.m3u8?auth=daEcBcxdDbwdKarcyaGaNaEbtccbfawa8dj-bJgGur-c0-HluxAFp&aifp=V001	m3u8	A 75 anni dal 2 giugno 1946, quando l'Italia scelse la Repubblica, 11 ragazzi danno voce, ciascuno, ad un articolo della Costituzione. Partendo dalle loro esperienze di vita, dall'impegno nel sociale, nello sport, nel volontariato e nell'espressione artistica, il programma presenta i principi "agiti" della Costituzione per un futuro migliore	https://www.raiplay.it/cropgd/300x400/dl/img/2021/06/01/1622542853654_il-futuro-passa-di-qui-la-nostra-costituzione_1536x2048_logo.jpg	27m		Italiano	Kids
Italiano	Il Gruffalò	2009	Animazione - Fantastico	https://b70cb04c54ab478189e9d8ee45637b13.msvdn.net/ostr8/podcastcdn/junior/Rai_Yoyo/Gruffalo/8088334_,800,1800/playlist.m3u8?auth=daEa.cecEdXcuahcvcld0aeabaEdicMaUdw-bJgGwn-c0-ClvwrHw&aifp=V001	m3u8	Una mamma scoiattolo racconta ai suoi piccoli la storia di un topolino che si avventura in una foresta alla ricerca di nocciole e che a tutti i predatori che incontra dice di avere appuntamento con il Gruffalo, creatura che lui inventa sul momento descrivendone le più terribili fattezze	https://www.raiplay.it/cropgd/300x400/dl/img/2019/10/01/1569939193922_1536x2048_logo.jpg	27m		Italiano	Kids
Italiano	Il mio anno stranissimo	2021	Documentrario/Famglie	https://b70cb04c54ab478189e9d8ee45637b13.msvdn.net/dom6/podcastcdn/teche_root/KIDS_TECHE_HD/15692080_,1200,1800,2400,.mp4.csmil/playlist.m3u8?auth=daEdvbcacbBabahaSdraicncZbKdSdKcGdT-bJgGxK-c0-BktutFu&aifp=V001	m3u8	Viaggio nel mondo preadolescenziale per raccontare l'anno del Covid. Un ritratto dell'Italia visto attraverso gli occhi dei ragazzini e delle ragazzine fra i 10 e i 14 anni. Il virus, la quarantena, la scuola fatta a casa, gli amici distanti, le attività sospese, la nuova normalità. I sogni, le paure, le fantasie dei giovanissimi nel tempo della pandemia...	https://www.raiplay.it/cropgd/300x400/dl/img/2021/12/02/1638450432302_il-mio-anno-stranissimo_1536x2048_logo.jpg	52m		Italiano	Kids
Italiano	Il più grande uomo scimmia del Pleistocene	2015	Animazione - Fantastico	https://vod3-rai-it.akamaized.net/podcastcdn/teche_root/PLAYRAI_TECHE_CINEMA_HD_2/8944619_,1200,1800,2400/playlist.m3u8?auth=daEbPbiaZdQc4c9dqcLdndxbrdgdaa9daam-bJbqow-c0-BkzusHp&aifp=V001	m3u8	Alla nascita dei figli, il re degli ominidi finge la morte del primogenito per favorire il fratellino più robusto. Da "Il più grande uomo scimmia del Pleistocene" di Roy Lewis	https://www.raiplay.it/cropgd/300x400/dl/img/2020/01/27/1580122200323_1536x2048_logo.jpg	1h37m		Italiano	Kids
Italiano	Il racconto dei racconti	2015	Famiglia	https://vod3-rai-it.akamaized.net/podcastcdn/teche_root/PLAYRAI_TECHE_CINEMA_HD_2/9714159_,1200,1800,2400/playlist.m3u8?auth=daEdOcOdAcIdRaybfaQaoaWaNccd2dCaRca-bI_QaR-c0-AlrxxGr&aifp=V001	m3u8	Matteo Garrone porta sul grande schermo le fantasiose e grottesche favole di Giambattista Basile narrando le vicende di una regina gelosa che perde il marito, di due sorelle che con una magia accendono la passione del loro re e di un sovrano ossessionato da una pulce gigante. Vincitore di 7 David di Donatello nel 2016.	https://www.raiplay.it/cropgd/300x400/dl/img/2020/04/29/1588152496563_1536x2048_logo.jpg	2h09m		Italiano	Kids
Italiano	Il Ragazzo e il Grande Elefante	2017	Famiglia	https://b70cb04c54ab478189e9d8ee45637b13.msvdn.net/dom7/podcastcdn/teche_root/KIDS_TECHE_HD/11873586_,1200,1800,2400,.mp4.csmil/playlist.m3u8?auth=daEbEdxdjdodLaHapd7cnaZdpamc1dacxaE-bJbsWB-c0-AmuxAHr&aifp=V001	m3u8	Phoenix, un ragazzo di 13 anni, dopo la morte improvvisa di entrambi i genitori, viene affidato alla zia Sarah, che vive in Africa con il marito Jack. Phoenix rimane subito affascinato dalla natura selvaggia del continente. Durante un safari con lo zio, Phoenix si perde nelle immense distese africane e si imbatte in un elefante intrappolato in una rete piazzata da trafficanti di avorio e lo libera. Phoenix e Indlovu, che significa l'inarrestabile in lingua zulu, diventano subito amici	https://www.raiplay.it/cropgd/300x400/dl/img/2020/02/06/1580998593160_1536x2048_logo.jpg	1h27m		Italiano	Kids
Italiano	Il serpente piumato	2021	Animazione - Fantastico	https://b70cb04c54ab478189e9d8ee45637b13.msvdn.net/dom6/podcastcdn/teche_root/KIDS_TECHE_HD/WchWaq1zxkcp7Ew3j3E1RgeeqqEEqualeeqqEEqual_,1200,1800,2400,.mp4.csmil/playlist.m3u8?auth=daEamaUdKdDdsbsd7aadvbmdoaMd6becUbq-bJgGB5-c0-CjxxxHw&aifp=V001	m3u8	Louise si è appena trasferita a vivere in Messico a causa del nuovo lavoro dei suoi genitori. Tutta la famiglia è entusiasta della nuova esperienza, tranne lei, piena di nostalgia per la vita di prima e per gli amici lontani. L'unica che sembra capire la piccola è la lucertola Keza, sua compagna inseparabile...	https://www.raiplay.it/cropgd/300x400/dl/img/2022/03/03/1646337083537_il-serpente-piumato_1536x2048_logo.jpg	28m		Italiano	Kids
Italiano	Il traguardo di Patrizia	2014	Animazione - Fantastico	https://vod8-rai-it.akamaized.net/podcastcdn/raicinema/I_film_della_settimana/7648654_,800,1800/playlist.m3u8?auth=daEcicbcfaNccb2bqa4bCbraHaUcQdzdLdS-bJgGC8-c0-IlswwEw&aifp=V001	m3u8	Patrizia è nata in Sicilia da genitori bengalesi in possesso di regolare permesso di soggiorno. Ha un nome da italiana e così si sente, malgrado la sua pelle ambrata. Ha molti amici, va a scuola ed è una promessa dell'atletica leggera... Un cartone animato per parlare ai più giovani di diritto di cittadinanza. Direzione artistica di Maurizio Forestieri	https://www.raiplay.it/cropgd/300x400/dl/img/2019/10/16/1571222738454_1536x2048_logo.jpg	28m		Italiano	Kids
Italiano	Jackie and Oopjen	2020	Famiglia	https://b70cb04c54ab478189e9d8ee45637b13.msvdn.net/dom7/podcastcdn/teche_root/KIDS_TECHE_HD/n5J2lvQZssSlashYlIssSlashYnpaL1BiAeeqqEEqualeeqqEEqual_,1200,1800,2400,.mp4.csmil/playlist.m3u8?auth=daEaDcBdecpbkaMb4arapcdaPbmbAcddjd7-bJbt.6-c0-JlyxvGs&aifp=V001	m3u8	Al Rijksmuseum di Amsterdam è arrivato il famoso dipinto di Rembrandt che ritrae Oopjen Coppit. Ma dopo la cerimonia ufficiale di presentazione la donna scompare lasciando la cornice vuota. La dodicenne Jackie sarà il suo primo incontro nel caotico mondo del XXI secolo e l'unica a poter diventare una vera amica, anzi una BFF!	https://www.raiplay.it/cropgd/300x400/dl/img/2022/04/14/1649958468367_jackie-and-oopjen_1536x2048_logo.jpg	1h25m		Italiano	Kids
Italiano	L'anfora di Clio	2020	Famiglia	https://b70cb04c54ab478189e9d8ee45637b13.msvdn.net/dom7/podcastcdn/teche_root/KIDSNOGEO_TECHE_HD/16124628_,1200,1800,2400,.mp4.csmil/playlist.m3u8?auth=daEcscEcpdOcWbPaKa7c9bDcjaobMdrc5cS-bJbJ28-c0-IlrwwHn&aifp=V001	m3u8	Nel magico tempio di Elicona, la musa della Commedia Thalia si ritrova da sola a gestire tutte le incombenze delle sue sorelle muse dell'arte. Un giorno un corriere di AmaZeus, l'agenzia di consegne divina, arriva con un misterioso pacco mandato dal capo degli dei in persona: l'anfora di Clio.	https://www.raiplay.it/cropgd/300x400/dl/img/2022/02/07/1644244943240_l-anfora-di-clio_1536x2048_logo%201.jpg	56m		Italiano	Kids
Italiano	L'isola degli smemorati	2005	Animazione - Fantastico	https://vod9-rai-it.akamaized.net/podcastcdn/raicinema/I_film_della_settimana/11399020_,800,1800,2400/playlist.m3u8?auth=daEbpacaLa7cHbdbodxbUb8bPdEalcJc3do-bJgKha-c0-FjtuyEw&aifp=V001	m3u8	Su un'isola in mezzo all'oceano, abitata da nove anziani tra cui il vecchissimo mago Lucanòr, nessuno ricorda cosa siano i bambini. Un giorno però su questo pezzo di terra avvolto dal mare approda una scialuppa di piccoli naufraghi indifesi: riusciranno i bambini a farsi rispettare? Chi li aiuterà?	https://www.raiplay.it/cropgd/300x400/dl/img/2019/11/19/1574165319370_Isola%20degli%20smemorati_1536x2048_logo.jpg	28m		Italiano	Kids
Italiano	L'odissea di Shooom	2019	Animazione - Fantastico	https://b70cb04c54ab478189e9d8ee45637b13.msvdn.net/dom6/podcastcdn/teche_root/KIDS_TECHE_HD/15534283_,1200,1800,2400,.mp4.csmil/playlist.m3u8?auth=daEczcFd6cqbfctdFagb7cDcRcMdBb7aMa2-bJbKU4-c0-FlsxzGt&aifp=V001	m3u8	Una piccola civetta, appena uscita dall'uovo, viene sbalzata fuori dal nido dal furore di una tempesta e cerca disperatamente di salvare il fratellino ancora nel guscio. Il suo prezioso uovo finirà però fra le mani di due dolcissimi bambini che, vedendolo schiudersi, vorrebbero tanto tenere con loro il soffice pulcino appena nato. Presto capiranno che accompagnarlo con la sua sorellina verso la libertà, significa rispettare la natura e poter continuare a godere delle sue meraviglie	https://www.raiplay.it/cropgd/300x400/dl/img/2021/11/16/1637080567604_l-odissea-di-shooom_1536x2048_logo.jpg	24m		Italiano	Kids
Italiano	La cantata dei pastori	2012	Animazione - Fantastico	https://vod8-rai-it.akamaized.net/podcastcdn/raicinema/I_film_della_settimana/8115402_,800,1800/playlist.m3u8?auth=daEdGbAcmdjaNcydJckcKa1c7bvcgbec8bS-bJgLBi-c0-CkxwtHw&aifp=V001	m3u8	Durante il loro viaggio in Palestina, lo scrivano napoletano Razzullo e il suo compaesano Sarchiapone, incontrano Maria e Giuseppe in cammino verso Betlemme per far nascere Gesù. Una minaccia incombe su di loro: Plutone, signore degli inferi, non vuole che il figlio di Dio venga al mondo, e cerca in tutti i modi di impedire il lieto evento...	https://www.raiplay.it/cropgd/300x400/dl/img/2020/01/27/1580121723943_1536x2048_logo.jpg	50m		Italiano	Kids
Italiano	La Chiocciolina e la Balena	2019	Animazione - Fantastico	https://b70cb04c54ab478189e9d8ee45637b13.msvdn.net/dom7/podcastcdn/teche_root/KIDS_TECHE_HD/15344547_,1200,1800,2400,.mp4.csmil/playlist.m3u8?auth=daEaGarcId.cucYbcbDaEbfcjb0bvd8agcJ-bJbOg9-c0-CjywvHp&aifp=V001	m3u8	Una chiocciolina di mare gira il mondo assieme a una grande balena alla scoperta di mari calmi e impetuosi e sabbie dorate. Un brutto giorno, però, disorientato dal rombo delle barche a motore, il cetaceo si avvicina troppo alla riva e con la bassa marea rimane intrappolato sulla spiaggia. Per aiutarlo, la tenace chiocciolina raggiunge una scuola e, aiutata dai bambini, dalla loro maestra e dai pompieri, soccorre la balena. Una volta in salvo, il racconto delle meravigliose avventure vissute dalle due protagoniste conquista il cuore delle altre chiocciole di mare che, senza più timori, salgono sulla coda del cetaceo pronte a partire...	https://www.raiplay.it/cropgd/300x400/dl/img/2021/10/19/1634660300855_la-chiocciolina-e-la-balena_1536x2048_logo.jpg	27m		Italiano	Kids
Italiano	La Custodia	2021	Animazione - Fantastico	https://b70cb04c54ab478189e9d8ee45637b13.msvdn.net/dom6/podcastcdn/teche_root/KIDS_TECHE_HD/dgAAjBcmLjVkwcT1xE7z5geeqqEEqualeeqqEEqual_,1200,1800,2400,.mp4.csmil/playlist.m3u8?auth=daEaCd.cTb3cQaid8b1cWaGbZc3c6btbIb1-bJbOzL-c0-ImtwwFs&aifp=V001	m3u8	In un luogo e in un tempo indefiniti il giovanissimo Fadi scappa da un Paese in guerra portando con sé una custodia di violino dalla quale non si separa mai. In compagnia di un gruppo di altri viaggiatori, il ragazzo attraversa deserti e mari in un percorso pieno di ostacoli. Lungo la strada conosce la misteriosa Naila e un gruppo di altri ragazzi che non gli rendono la vita facile...	https://www.raiplay.it/cropgd/300x400/dl/img/2021/12/30/1640821793966_la-custodia_1536x2048_logo.jpg	40m		Italiano	Kids
Italiano	La famosa invasione degli Orsi in Sicilia	2019	Animazione - Fantastico	https://vod1-rai-it.akamaized.net/podcastcdn/teche_root/YT_ITALIA_TECHE_HD_multiaudio/UNQmJ5vCVutVNpPpPlussMEVwPDVAeeqqEEqualeeqqEEqual_,1200,1800,2400/playlist.m3u8?auth=daEcHd4a.aabFcCdIbRd3addtc_cgaWdOdl-bI_6fl-c0-DmxutEn&aifp=V001	m3u8	Nel tentativo di ritrovare il figlio e di sopravvivere all'inverno, il Re degli orsi conduce il suo popolo dalle montagne fino alla pianura, dove vivono gli uomini. Dopo aver sconfitto il malvagio Granduca e aver ritrovato il figlio Tonio, però, si renderà conto che gli orsi non sono fatti per vivere nella terra degli uomini	https://www.raiplay.it/cropgd/300x400/dl/img/2020/12/14/1607966111444_Orsi_1536x2048-logo.jpg	1h19m		Italiano	Kids
Italiano	La mia vita al castello	2019	Animazione - Fantastico	https://b70cb04c54ab478189e9d8ee45637b13.msvdn.net/dom6/podcastcdn/teche_root/KIDS_TECHE_HD/15534401_,1200,1800,2400,.mp4.csmil/playlist.m3u8?auth=daEdFdraCbSbiaUbiced_cJaJbcaDdbcccV-bJb53O-c0-BmyuzFr&aifp=V001	m3u8	Violetta, orfana a causa di uno degli attentati del giorno del Bataclan, dopo la morte dei genitori viene affidata allo zio materno. Questi lavora alla reggia di Versailles e si occupa di pulizie e riparazioni. Ma Violetta pare non voler stare con il parente: puzza, è scorbutico e la mamma lo odiava perché lui non veniva più a trovarli a Natale... Piano piano però le due "anime solitarie" cominciano a comprendersi e quando giunge il momento di separarsi, Violetta capisce di voler stare nel castello	https://www.raiplay.it/cropgd/300x400/dl/img/2021/11/17/1637153193730_la-mia-vita-al-castello_1536x2048_logo.jpg	29m		Italiano	Kids
Italiano	La missione di 3P	2014	Animazione - Fantastico	https://b70cb04c54ab478189e9d8ee45637b13.msvdn.net/dom7/podcastcdn/teche_root/KIDS_TECHE_HD/12384656_,1200,1800,2400,.mp4.csmil/playlist.m3u8?auth=daEbKbobdbKcec9ccaUcHcadmdyaQdnaacV-bJgLCp-c0-GkvvuFt&aifp=V001	m3u8	Giuseppe e Salvatore sono due amici tredicenni che vendono sigarette di contrabbando per comprarsi il motorino. Sognano di entrare nel giro della mala, e l'unico modo per riuscirci è affiliarsi a un boss. Ma Padre Pino Puglisi è disposto a tutto per tenere i due ragazzi fuori dai guai. Anche fingere, se necessario...	https://www.raiplay.it/cropgd/300x400/dl/img/2019/11/04/1572877062036_La%20Missione%20di%203P_1536x2048_logo.jpg	29m		Italiano	Kids
Italiano	La nostra grande famiglia	2016	Commedia/Famiglia	https://b70cb04c54ab478189e9d8ee45637b13.msvdn.net/ostr2/podcastcdn/teche_root/YT_ITALIA_TECHE_HD_multiaudio/FAKVVqBZcLZBssSlashumumfx2AweeqqEEqualeeqqEEqual_,1200,1800,2400/playlist.m3u8?auth=daEd1c0aGdGbdaNbiaKatdwbUcBaubpdhaI-bJgLDw-c0-DltutHp&aifp=V001	m3u8	A causa dei diversi matrimoni e divorzi di entrambi i genitori, il tredicenne Bastien si ritrova ad avere una famiglia molto articolata e complicata: 6 fratellastri e sorellastre, 8 "genitori" e altrettante case. Stanco dei vari problemi generati da questa situazione, Bastien ha l'idea che tutti i figli dovranno trasferirsi nel grande appartamento libero della nonna di Elliot, dove saranno i genitori a prendersi cura di loro a turno.	https://www.raiplay.it/cropgd/300x400/dl/img/2022/04/12/1649755109671_1536x2048_logo.jpg	1h35m		Italiano	Kids
Italiano	La principessa Sissi	1955	Famiglia	https://b70cb04c54ab478189e9d8ee45637b13.msvdn.net/ostr2/podcastcdn/teche_root/YT_ITALIA_TECHE_HD_multiaudio/14631882_,1200,1800,2400/playlist.m3u8?auth=daEcWbjb1cedKc7bTaidFbxbVaFaqd.dldm-bJb6k3-c0-IkAvuGr&aifp=V001	m3u8	La storia romantica e turbolenta della diciassettenne Elisabetta, detta Sissi, figlia del Granduca Massimiliano di Baviera, che sposò l'imperatore d'Austria Francesco Giuseppe. Primo di una serie di 3 film interpretati dalla Schneider nel ruolo della bella e dolce principessa	https://www.raiplay.it/cropgd/300x400/dl/img/2020/02/17/1581949710897_La-Principessa-Sissi_1536x2048_logo.jpg	1h41m		Italiano	Kids
Italiano	La Rosa Blu	2021	Animazione - Fantastico	https://b70cb04c54ab478189e9d8ee45637b13.msvdn.net/dom6/podcastcdn/teche_root/KIDS_TECHE_HD/14209648_,1200,1800,2400,.mp4.csmil/playlist.m3u8?auth=daEcWcEdibxd4bWbAcUaGdya1bsbMaXaUaK-bJb6I1-c0-IlrxzFq&aifp=V001	m3u8	Un maestro delle elementari, interpretato da Enzo Decaro, invita i propri alunni a fare un viaggio dentro la loro fiaba preferita, a incontrarne i personaggi e a scrivere in un tema le avventure vissute insieme anche con l'aiuto di un bel disegno. Con la complicità del fratello più grande, la piccola Benedetta rappresenta, con candore ed empatia, la storia della loro sorellina Martina affetta da Sindrome di Down: come fosse una Rosa Blu tra tante rose rosse, perché "le rose non sono di un solo colore, possono avere mille sfumature". Dall'album dei disegni di Benedetta infatti si animeranno il Piccolo Principe e la sua amica Volpe che accompagneranno i due fratelli nel corso della storia	https://www.raiplay.it/cropgd/300x400/dl/img/2021/03/17/1616000715710_la-rosa-blu_1536x2048_logo.jpg	24m		Italiano	Kids
Italiano	La squadra di Marco	2019	Famiglia	https://vod1-rai-it.akamaized.net/podcastcdn/teche_root/KIDS_TECHE_HD_multiaudio/Y6jleqw0or8M0goUqlbk6weeqqEEqualeeqqEEqual_,1200,1800,2400/playlist.m3u8?auth=daEdnacbNdIdNbYcybZavbYapbyb1bsdjah-bJb6V6-c0-DjtvAHr&aifp=V001	m3u8	Marco, dodicenne di oggi, vive attaccato alla televisione e gioca troppe ore con i videogames. Il nonno italiano, rimasto vedovo ma ancora pieno di vita, lo costringe a uscire di casa e lo porta al parco dove, assieme a un gruppo di amici, gli insegna a giocare a bocce. Il ragazzo all'inizio non ne ha nessuna voglia, ma poi si appassiona al gioco e, quando il nonno gli confisca tutti i suoi attrezzi tecnologici e lo sfida in una gara, il nipote forma una squadra di bocce con i compagni di scuola, imparando anche a socializzare. 	https://www.raiplay.it/cropgd/300x400/dl/img/2022/07/15/1657883183295_la-squadra-di-marco_1536x2048logo.jpg	1h29m		Italiano	Kids
Italiano	La stella di Andra e Tati	2018	Animazione - Fantastico	https://vod3-rai-it.akamaized.net/podcastcdn/teche_root/PLAYRAI_TECHE_CINEMA_HD_2/9289830_,1200,1800,2400/playlist.m3u8?auth=daEdbbcdMardzcFbuaTc_aUcOarbedtazdj-bJgLF5-c0-BktxzEu&aifp=V001	m3u8	La storia vera di Alessandra e Tatiana Bucci, due sorelle di 4 e 6 anni, che nel 1944 vennero deportate nel campo di concentramento di Auschwitz insieme alla madre, la nonna, la zia e il cuginetto. Le bambine si salvarono solo perché vennero erroneamente scambiate per gemelle... I sottotitoli in tedesco sono a cura degli Istituti Italiani di Cultura di Amburgo e Colonia	https://www.raiplay.it/cropgd/300x400/dl/img/2019/10/30/1572447581908_La%20stella%20di%20Andra%20e%20Tati%201536x2048_logo.jpg	29m		Italiano	Kids
Italiano	La strega Rossella - Room on the Broom	2012	Animazione - Fantastico	https://vod8-rai-it.akamaized.net/podcastcdn/raicinema/I_film_della_settimana/11617929_,800,1800,2400/playlist.m3u8?auth=daEb2aydfa_d.dcbCaHcJaZbIbXcTchaiax-bJgLG6-c0-EjvxwEq&aifp=V001	m3u8	Una strega dà un passaggio sulla sua scopa ad un cane, un uccello e una rana. E quando la scopa viene spezzata da un Drago, gli animali faranno fronte comune per salvare la strega...	https://www.raiplay.it/cropgd/300x400/dl/img/2019/10/29/1572346951717_1536x2048_logo.jpg	26m		Italiano	Kids
Italiano	Le avventure di San Nicola	2018	Famiglia	https://vod1-rai-it.akamaized.net/podcastcdn/teche_root/KIDS_TECHE_HD_multiaudio/gI5CgSnj3YzJRmRmUufrbAeeqqEEqualeeqqEEqual_,1200,1800,2400/playlist.m3u8?auth=daEcndcdab4b_cOcbcMabauatd9b2aRb7bC-bJb9TJ-c0-DmtxrFt&aifp=V001	m3u8	Alla vigilia del giorno di San Nicola, la famiglia Vasylenko si trasferisce in montagna. Ma i bambini non vanno d'accordo, e, come se non bastasse, il papà si fa male. La madre è così costretta a portare il marito in ospedale. Ai piccoli, rimasti soli in casa, appare un criminale travestito da San Nicola. Per svelare l'inganno e assicurare il ladro alla giustizia, i piccoli dovranno cominciare a collaborare e dar prova di tutto il coraggio e la scaltrezza di cui sono capaci	https://www.raiplay.it/cropgd/300x400/dl/img/2021/01/03/1609701422623_Le%20Avventure%20di%20San%20Nicola_1536x2048logo.jpg	1h14m		Italiano	Kids
Italiano	Lo specchio di Lorenzo	2019	Animazione - Fantastico	https://vod1-rai-it.akamaized.net/podcastcdn/teche_root/KIDS_TECHE_HD_multiaudio/A2cKtx7Z3ofl4ICJspPpPlussXblAeeqqEEqualeeqqEEqual_,1200,1800,2400/playlist.m3u8?auth=daEazcGdbdQaAbObadrdUafbVbNaNdPbQaW-bJciig-c0-FltxsHp&aifp=V001	m3u8	Nel mondo di Lorenzo, niente è come appare. Gli umani spaventosi vengono sostituiti da animali, le stanze diventano boschi e il coraggio si traduce nel ritornello di "Heroes", modo in cui il protagonista vede il fratello maggiore inizialmente suo unico "ponte" con l'esterno. Tutto quello che piace a Lorenzo ha colori caldi, rassicuranti, luminosi; disagio e paura, invece, sono bui e freddi. Quello in cui vive il piccolo è il mondo creato dalla bolla del suo autismo, che gli impedisce di comunicare. Un giorno, però, questa bolla verrà squarciata da qualcosa di nuovo...	https://www.raiplay.it/cropgd/300x400/dl/img/2021/03/25/1616689802976_lo-specchio-di-lorenzo_1536x2048_logo.jpg	13m		Italiano	Kids
Italiano	Mani Rosse	2018	Animazione - Fantastico	https://b70cb04c54ab478189e9d8ee45637b13.msvdn.net/dom7/podcastcdn/teche_root/KIDS_TECHE_HD/11365809_,1200,1800,2400,.mp4.csmil/playlist.m3u8?auth=daEdSaIdqdJdScKaWciaPcja5aEaIcCcHcI-bJciYp-c0-EjvxxHs&aifp=V001	m3u8	Ernesto è un ragazzino intelligente, ma anche iper-protetto e solo. Un giorno scopre dei meravigliosi murales rossi, realizzati da una misteriosa ragazza di nome Luna. Lei ha il potere di emettere dalle mani un vivido colore rosso, con cui esprime il suo talento. Ma dietro questo dono c'è una dolorosa realtà: il padre di Luna, Furio, è un uomo violento. Ernesto dovrà tirare fuori tutto il suo coraggio per salvare la vita a quella strana ragazzina di cui si è innamorato	https://www.raiplay.it/cropgd/300x400/dl/img/2019/11/11/1573501026214_Mani%20Rosse%20NEW-1536x2048_logo.jpg	30m		Italiano	Kids
Italiano	Mare di grano	2018	Commedia/Famiglia	https://b70cb04c54ab478189e9d8ee45637b13.msvdn.net/dom7/podcastcdn/teche_root/PLAYRAI_TECHE_CINEMA_HD/11585783_,1200,1800,2400,.mp4.csmil/playlist.m3u8?auth=daEbkcsdFdybidbacc3dSaqbBchc2bCdnaP-bJg59n-c0-AlzxsHr&aifp=V001	m3u8	Toscana, terzo millennio. Il piccolo Adam, alla ricerca dei genitori, incontra i coetanei Adriana e Martino e si mette in viaggio verso il mare. E' l'inizio di una nuova avventura.	https://www.raiplay.it/cropgd/300x400/dl/img/2019/12/24/1577193436010_1536x2048_logo.jpg	1h20m		Italiano	Kids
Italiano	Mila	2021	Animazione - Fantastico	https://b70cb04c54ab478189e9d8ee45637b13.msvdn.net/dom6/podcastcdn/teche_root/KIDS_TECHE_HD/15613320_,1200,1800,2400,.mp4.csmil/playlist.m3u8?auth=daEb0bdc9cxa6dbbxbMasaHaccPcZbAbicu-bJcn1p-c0-CkuwsGq&aifp=V001	m3u8	Nonostante abbia perso tutto a causa della guerra - la famiglia, la casa, la pace - Mila si aggrappa alla speranza. Con un pizzico di fantasia e tanta umanità, la piccola ha un impatto profondo sul prossimo, compresa la sconosciuta che le salverà la vita. Anche se il film è ispirato a fatti realmente accaduti a Trento nel 1943, Mila rappresenta tutti i bambini, in qualsiasi guerra, di qualsiasi epoca. La narrazione, priva di dialoghi, parla a ciascuno di noi grazie al linguaggio universale della musica	https://www.raiplay.it/cropgd/300x400/dl/img/2021/11/17/1637165859407_mila_1536x2048_logo.jpg	20m		Italiano	Kids
Italiano	Mini Cuccioli - Raccontiamo la Salute in 6 A	2020	Animazione - Fantastico	https://b70cb04c54ab478189e9d8ee45637b13.msvdn.net/ostr8/podcastcdn/junior/MiniCuccioli/12199845_,800,1800,2400/playlist.m3u8?auth=daEdKbNaxbdc6dacPb_ddaYcMbtaqbObfcL-bJg6jG-c0-GkAuuFq&aifp=V001	m3u8	Gli episodi nascono dagli storyboard realizzati dai bambini di alcune scuole elementari del Veneto nell'ambito dell'iniziativa "Raccontiamo la salute". Gli alunni si sono confrontati sui temi indicati dalle 6 A del titolo: Ambiente, Alimentazione, Agricoltura, Attività motoria, Arte e Amicizi@. Grazie agli amati personaggi della serie Mini Cuccioli, che saranno protagonisti delle storie animate "La mensa è un'occasione", "I Mini Cuccioli alla Giornata dello Sport", "I Mini Cuccioli e il Teatro", "Pio, Senzanome e i mostri dell'orto", "I Mini Cuccioli e la vendemmia", "Avventura al mare" e "L'arte di essere amici", questi brevi cartoni consentono ai più piccoli di imparare concetti fondamentali per il	https://www.raiplay.it/cropgd/300x400/dl/img/2020/04/03/1585922973678_Mini%20Cuccioli%20-%20Raccontiamo%20la%20Salute%20in%206A_1536x2048_logo.jpg	10m		Italiano	Kids
Italiano	Mission possible	2018	Famiglia	https://b70cb04c54ab478189e9d8ee45637b13.msvdn.net/dom7/podcastcdn/teche_root/KIDS_TECHE_HD/ajytfuuNoDpPpPlussWc8A2kqRyqQeeqqEEqualeeqqEEqual_,1200,1800,2400,.mp4.csmil/playlist.m3u8?auth=daEa4cOanbacPdobBclaAcEaQcedBcaaQdj-bJcofO-c0-GlruuFn&aifp=V001	m3u8	Un gruppo di ragazzi si ritrova in un bosco per giocare con Alex, l'inseparabile amico a quattro zampe. Grazie a lui, i giovani scoprono una "banda" di cattivi che tiene prigionieri diversi Shih Tzuh nel tentativo di lucrare su di loro facendoli diventare campioni da esposizione. Riusciranno i nostri protagonisti, tra esilaranti avventure, a fermare i rapitori e salvare Alex e gli altri cani dalle loro grinfie?	https://www.raiplay.it/cropgd/300x400/dl/img/2022/05/23/1653301416133_mission-possible_1536x2048_logo%201.jpg	1h49m		Italiano	Kids
Italiano	Nocedicocco 2 - Il piccolo drago nella giungla	2018	Animazione - Fantastico	https://b70cb04c54ab478189e9d8ee45637b13.msvdn.net/dom7/podcastcdn/teche_root/KIDS_TECHE_HD/KXWOwBUqI7PXFuKtwEQGEweeqqEEqualeeqqEEqual_,1200,1800,2400,.mp4.csmil/playlist.m3u8?auth=daEcZdBbNd7cvd2cJaKbZcwbTd1dYdzdxaZ-bJcq8t-c0-BmyvAHw&aifp=V001	m3u8	Nocedicocco, giovane drago che non può volare, è pronto a partire per il campeggio insieme all'inseparabile Oskar, e alla cara amica Matilda, un porcospino che portano con loro in maniera clandestina. Per i tre il viaggio si rivelerà, però, più difficile del previsto tanto da trasformarsi in una vera prova di coraggio tra i pericoli della giungla...	https://www.raiplay.it/cropgd/300x400/dl/img/2022/06/09/1654774792605_nocedicocco-2-il-piccolo-drago-nella-giungla_1536x2048_logo.jpg	1h17m		Italiano	Kids
Italiano	Ötzi e il mistero del tempo	208	Azione - Avventura	https://vod8-rai-it.akamaized.net/podcastcdn/raicinema/raicinema_multibitrate/12665969_,700,1200,1800,2400/playlist.m3u8?auth=daEaOcDdgdFbSbUa9cFaIdEd4b8cEatbBdY-bJhjjC-c0-AlAxxHo&aifp=V001	m3u8	L'undicenne Kip è un ragazzo come tanti, intelligente e sensibile, per cui il tempo dell'infanzia sta finendo. Negli ultimi giorni prima di lasciare per sempre Bolzano e gli amici del cuore, Kip vive con loro un'esperienza straordinaria. Quando si reca al museo a salutare la mummia Ötzi per l'ultima volta, accade qualcosa di magico: Ötzi si risveglia, cominciando a rigenerarsi.	https://www.raiplay.it/cropgd/300x400/dl/img/2020/06/20/1592658707569_1536x2048logo.jpg	1h26m		Italiano	Kids
Italiano	Paddington e la letterina dispersa	2019	Animazione - Fantastico	https://b70cb04c54ab478189e9d8ee45637b13.msvdn.net/dom7/podcastcdn/teche_root/KIDS_TECHE_HD/13702798_,1200,1800,2400,.mp4.csmil/playlist.m3u8?auth=daEawbSbAc4afbMaLc7ddbuaobOaYdaa0be-bJcCoF-c0-CkvvxGt&aifp=V001	m3u8	La letterina scritta da Jonathan a Babbo Natale finisce per errore in Perù. Paddington, il simpatico orsetto, aiuterà l'amico a recuperarla e farla arrivare al destinatario	https://www.raiplay.it/cropgd/300x400/dl/img/2020/12/28/1609179499005_Paddington%20e%20la%20letterina%20dispersa_1536x2048-logo.jpg	22m		Italiano	Kids
Italiano	Patatine fritte al porto	2021	Animazione - Fantastico	https://b70cb04c54ab478189e9d8ee45637b13.msvdn.net/dom6/podcastcdn/teche_root/KIDS_TECHE_HD/15534351_,1200,1800,2400,.mp4.csmil/playlist.m3u8?auth=daEcRc8dhcfbpaQckaJc8cmbucOdTaedSaw-bJcCKO-c0-DlrxyGs&aifp=V001	m3u8	Noah, 9 anni, raggiunge la madre che si è da poco trasferita su una piccola isola bretone dove lavora in un ristorante che si affaccia sul porto e che serve come specialità cozze con patatine fritte. Quando arriva, la piccola scopre che tutti i bambini del posto si conoscono, sono benestanti e vanno in barca a vela. Noah vorrebbe navigare, ma la mamma non può permettersi di iscriverla al circolo velico. Così la cattiveria del branco dei suoi coetanei la ribattezza "patata fritta". Ma la ragazzina non si scoraggia...	https://www.raiplay.it/cropgd/300x400/dl/img/2021/11/23/1637695684475_1536x2048_logo.jpg	27m		Italiano	Kids
Italiano	Pimpa - Storia di Natale	2004	Animazione - Fantastico	https://b70cb04c54ab478189e9d8ee45637b13.msvdn.net/ostr8/podcastcdn/junior/4217929.mp4/playlist.m3u8?auth=daEbGd3dUaFbOcYaGcRbUdfdAc9dPdMclcJ-bJhjtv-c0-CmwxxEo&aifp=V001	m3u8	Pimpa e i suoi amici si preparano a festeggiare il Natale... Dopo aver cercato l'albero, la simpatica cagnolina a pois lo addobberà con tante palline, preparerà deliziosi dolcetti e aspetterà Babbo Natale vicino al camino	https://www.raiplay.it/cropgd/300x400/dl/img/2020/12/18/1608315747435_Pimpa_1536x2048_logo.jpg	27m		Italiano	Kids
Italiano	Pimpa e l'anatroccolo Alì	2007	Animazione - Fantastico	https://b70cb04c54ab478189e9d8ee45637b13.msvdn.net/ostr9/podcastcdn/junior/4217908.mp4/playlist.m3u8?auth=daEa_dTdFc1aJatbsaUbicgdscYdNdzbwaX-bJhjup-c0-DmwxsGq&aifp=V001	m3u8	È una bella giornata di sole e Pimpa incontra l'anatroccolo Alì che le dice di aver perso la sua mamma. I due amici saltano sulla nuvola Teresa e partono alla ricerca dell'anatra perduta. La nuvoletta li porta in Africa dove incontreranno tanti buffi personaggi e vivranno memorabili avventure, fino a ritrovare l'anatra Maria Rosa, mamma del piccolo anatroccolo	https://www.raiplay.it/cropgd/300x400/dl/img/2019/08/21/1566404738874_Pimpa-anatroccolo.Ali1536x2048.jpg.jpg	25m		Italiano	Kids
Italiano	Pimpa e Olivia Paperina	2007	Animazione - Fantastico	https://b70cb04c54ab478189e9d8ee45637b13.msvdn.net/ostr9/podcastcdn/junior/La_Pimpa/3303685.mp4/playlist.m3u8?auth=daEabapbbcYaSc.c9badAd5d3bhd6c8cVdr-bJhjvf-c0-BjwvsGn&aifp=V001	m3u8	Olivia arriva a casa di Pimpa dentro un pacco di Natale e fra le due nasce subito una tenera amicizia. Proprio come un bambino, Olivia si stupisce per le piccole cose, parla con gli oggetti e scopre il mondo che la circonda sempre con uno sguardo di meraviglia. Pimpa, a sua volta, si prende cura di lei come una sorella maggiore: le insegna a lavarsi, vestirsi e le mostra gli aspetti più curiosi della vita di tutti i giorni	https://www.raiplay.it/cropgd/300x400/dl/img/2022/06/23/1656000361824_1572346892323_1536x2048_logo.jpg	27m		Italiano	Kids
Italiano	Pinocchio	2012	Animazione - Fantastico	https://b70cb04c54ab478189e9d8ee45637b13.msvdn.net/dom1/podcastcdn/Fiction/RaiUno/Pinocchio/6920412.mp4/playlist.m3u8?auth=daEcpbIdpbvaMaBdNaUctd6c2ddc0azbXaP-bJhjv_-c0-FkvxwFo&aifp=V001	m3u8	Un povero falegname di nome Geppetto decide di costruire un burattino da un ciocco di legno: lo chiamerà Pinocchio e se ne prenderà cura proprio come farebbe un padre con il proprio figlio. Geppetto vorrebbe far studiare Pinocchio. Il burattino però, invece di andare a scuola, vende l'abbecedario che il padre gli ha comprato per assistere ad uno spettacolo di burattini...	https://www.raiplay.it/cropgd/300x400/dl/img/2019/10/16/1571238921719_1536x2048_logo.jpg	1h17m		Italiano	Kids
Italiano	Pinocchio (2019)	2019	Famiglia	https://b70cb04c54ab478189e9d8ee45637b13.msvdn.net/ostr2/podcastcdn/teche_root/YT_ITALIA_TECHE_HD_multiaudio/39zoBgw8xCoqAFQwehBrHQeeqqEEqualeeqqEEqual_,1200,1800,2400/playlist.m3u8?auth=daEcvcocCc5bkbGa3brdpdRa.cqcSdWdDa2-bI_0u0-c0-BlvwzGu&aifp=V001	m3u8	Pinocchio torna al cinema in un nuovo adattamento firmato da Matteo Garrone, con il Premio Oscar Roberto Benigni nei panni di Geppetto e il piccolo Federico Ielapi in quelli del burattino più famoso della storia: un'avventura per tutta la famiglia che riporta sul grande schermo il capolavoro di Collodi e i suoi indimenticabili personaggi, dal Gatto e la Volpe al Grillo parlante, da Mangiafuoco alla Fata dai capelli turchini.	https://www.raiplay.it/cropgd/300x400/dl/img/2021/12/15/1639577842750_1536x2048logo.jpg	2h01m		Italiano	Kids
Italiano	Pipì Pupù e Rosmarina in 'Il mistero delle note rapite'	2017	Animazione - Fantastico	https://b70cb04c54ab478189e9d8ee45637b13.msvdn.net/ostr9/podcastcdn/junior/Rai_Yoyo/Pipi_Pupu_e_Rosmarina/8999295_,800,1800/playlist.m3u8?auth=daEaucmcxcUbPdNdwaiaWdJcebjaPdTcqdK-bJhjy.-c0-AltwuGt&aifp=V001	m3u8	Pipì, Pupù e Rosmarina sono i tre cuccioli cercatori del Mapà, figura misteriosa un po' mamma e un po' papà, e questa volta Voce, il narratore fuori campo (che ha come sempre il timbro profondo di Giancarlo Giannini), chiede loro di porre rimedio a un grosso guaio: il Mapà ha composto le musiche di un grande concerto d'opera che la filarmonica degli animali del bosco dovrebbe eseguire a Ferragosto, ma le note della partitura sono sparite...	https://www.raiplay.it/cropgd/300x400/dl/img/2019/11/15/1573819026177_1536x2048_logo.jpg	1h22m		Italiano	Kids
Italiano	Rocca cambia il mondo	2018	Commedia/Famiglia	https://b70cb04c54ab478189e9d8ee45637b13.msvdn.net/dom6/podcastcdn/teche_root/KIDS_TECHE_HD/13736830_,1200,1800,2400,.mp4.csmil/playlist.m3u8?auth=daEbdc2bqcKdwdcb8bAd3cBaQb6cLaSd2aB-bJhjNN-c0-DlvvxGt&aifp=V001	m3u8	Rocca, 11 anni, vive con la nonna ad Amburgo. Sua madre è morta durante il parto e suo padre lavora come astronauta nella stazione spaziale internazionale. Quando la nonna deve essere ricoverata in ospedale, la ragazzina comincia a gestirsi da sola. Questo provoca molte resistenze da parte delle autorità e degli insegnanti. Alla ragazza però tutto ciò non importa concentrata come è sul suo progetto di voler cambiare il mondo, a cominciare dal grande desiderio di farsi amare dalla nonna che ha sempre avuto nei riguardi della giovane un atteggiamento freddo e distaccato...	https://www.raiplay.it/cropgd/300x400/dl/img/2021/01/03/1609688188102_Rocca%20cambia%20il%20mondo-_1536x2048logo.jpg	1h38m		Italiano	Kids
Italiano	Senti cosa ti dico	2021	Documentrario/Famglie	https://b70cb04c54ab478189e9d8ee45637b13.msvdn.net/dom6/podcastcdn/teche_root/KIDS_TECHE_HD/14721997_,1200,1800,2400,.mp4.csmil/playlist.m3u8?auth=daEbOdFd8aZcWbNcpdWd_cbbpa0dndLbNbS-bJhjTv-c0-AmsxrEo&aifp=V001	m3u8	Immerso in un coloratissimo studio virtuale, Oreste Castagna, moderno escursionista, ci accompagnerà in un affascinante viaggio attraverso la Via Francigena pugliese, l'antico cammino che i pellegrini percorrevano da nord a sud per poi imbarcarsi verso la Terra Santa. Lungo questo trekking incontrerà i protagonisti assoluti del programma: bambini e ragazzi di varie località della Puglia i quali tra castelli, uliveti secolari e borghi storici, racconteranno la loro personale visione del mondo. A "Senti cosa ti dico" sono i ragazzi che ci rivelano cosa pensano della scuola, della famiglia e del loro tempo libero, ma non si tireranno indietro anche su temi universali: dall'origine del cosmo, all'amore per la	https://www.raiplay.it/cropgd/300x400/dl/img/2021/06/09/1623234041739_1536x2048_logo.jpg	19m		Italiano	Kids
Italiano	Sol	2020	Animazione - Fantastico	https://b70cb04c54ab478189e9d8ee45637b13.msvdn.net/dom6/podcastcdn/teche_root/KIDS_TECHE_HD/sbJPwFOBUrCUFHsBpeBpPpPlussPAeeqqEEqualeeqqEEqual_,1200,1800,2400,.mp4.csmil/playlist.m3u8?auth=daEcrbGcvcdblbwducKa2d0cAataqcpd5ai-bJcX_d-c0-HktwsGq&aifp=V001	m3u8	Un bambino parte per un avventuroso viaggio alla ricerca della luce, un bene che il mondo sembra aver perduto per sempre durante il Solstizio d'Inverno, la notte più lunga dell'anno. Il percorso è allo stesso tempo il cammino interiore di un piccolo che cerca di orientarsi nell'ondata di emozioni che lo travolge dopo la perdita della nonna e un gesto di vicinanza a tutte le famiglie che hanno perso i loro cari nel difficile anno di esordio della pandemia	https://www.raiplay.it/cropgd/300x400/dl/img/2021/12/18/1639843815615_sol_1536x2048_logo.jpg	29m		Italiano	Kids
Italiano	Sorelle Vampiro - Vietato mordere!	2012	Famiglia	https://b70cb04c54ab478189e9d8ee45637b13.msvdn.net/dom7/podcastcdn/teche_root/KIDS_TECHE_HD/13555287_,1200,1800,2400,.mp4.csmil/playlist.m3u8?auth=daEczcga6asdJdGbhbkcwc5b5a7bvbobZcb-bJcYju-c0-FlxuzEv&aifp=V001	m3u8	Tratto dal romanzo di Franziska Gehm, il film narra la storia di Silvania e Dakaria, due sorelle dodicenni un po' particolari che si trasferiscono dalla Transilvania in una piccola cittadina tedesca con i loro genitori. Tutto sembrerebbe normale, ma... il padre è un vampiro e le ragazze... lo sono a metà! Per salvaguardare la loro identità, difendersi dai bulli e sfuggire ai vicini curiosi, le due sorelle ricorrono spesso alla magia. Gli incantesimi però non sempre funzionano e presto la situazione precipita	https://www.raiplay.it/cropgd/300x400/dl/img/2020/12/05/1607164476989_Sorelle-Vampiro-Vietato-mordere-1536x2048_logo.jpg	1h34m		Italiano	Kids
Italiano	Sorelle Vampiro 2 - Pipistrelli nello stomaco	2014	Famiglia	https://b70cb04c54ab478189e9d8ee45637b13.msvdn.net/dom6/podcastcdn/teche_root/KIDS_TECHE_HD/13555413_,1200,1800,2400,.mp4.csmil/playlist.m3u8?auth=daEavdOaiaLd1aiaQaibLb9dKcMbAdoc3bx-bJcYkd-c0-BmruzEu&aifp=V001	m3u8	Con gli amici Helene, Jacob e Ludo, le sorelle Silvania e Dakaria pianificano le loro vacanze estive. Quando poi in città arriva la band dei Kryton Jrax con il suo leader Murdo, Dakaria deve fare i conti con l'amore ma anche con Xantor, il manager del gruppo acerrimo nemico di suo padre. Per salvare la sorella dalle forze del male, Silvania avrà bisogno dell'aiuto di tutti i suoi amici	https://www.raiplay.it/cropgd/300x400/dl/img/2020/12/10/1607624336338_Sorelle%20Vampiro%202%20-%20Pipistrelli%20nello%20stomaco_1536x2048_logo.jpg	1h30m		Italiano	Kids
Italiano	Sorelle Vampiro 3 - Ritorno in Transilvania	2016	Famiglia	https://b70cb04c54ab478189e9d8ee45637b13.msvdn.net/dom7/podcastcdn/teche_root/KIDS_TECHE_HD/13637851_,1200,1800,2400,.mp4.csmil/playlist.m3u8?auth=daEdHctbucoa3dxaaaBb6dta2aZbYc3dcbm-bJcYmo-c0-DlAvrGr&aifp=V001	m3u8	Franz, il fratellino appena nato delle sorelle vampiro Dakaria e Silvania, è in pericolo: la malvagia regina Anastasia lo vuole nel suo castello come erede. Quando Silvania con una delle sue magie maldestre ipnotizza accidentalmente i genitori Mihai ed Elvira, Anastasia ne approfitta per rapire Franz. Con l'aiuto di Murdo, Dakaria riesce a introdursi nel palazzo della sovrana, dove rimane pericolosamente affascinata da ciò che vede e da uno stile di vita che ha sempre desiderato	https://www.raiplay.it/cropgd/300x400/dl/img/2020/12/18/1608309526297_Sorelle_Vampiro_3_1536x2048_logo.jpg	1h35m		Italiano	Kids
Italiano	The Snowman - L'Uomo di neve	1982	Animazione - Fantastico	https://b70cb04c54ab478189e9d8ee45637b13.msvdn.net/dom6/podcastcdn/teche_root/KIDS_TECHE_HD/ZHf1z8B6oHjnpJeVBm801AeeqqEEqualeeqqEEqual_,1200,1800,2400,.mp4.csmil/playlist.m3u8?auth=daEc8dYavbjbZacdZavbRbhbOcBbad6dHaE-bJdhnQ-c0-AmrusFw&aifp=V001	m3u8	Una notte il pupazzo di neve di un bambino inglese si anima, dando inizio ad una magica avventura nel Polo Nord. Tratto dal classico illustrato di Raymond Briggs, come il libro, il film è senza parole e l'unico testo è quello della canzone "Walking in the Air"	https://www.raiplay.it/cropgd/300x400/dl/img/2021/12/30/1640881634949_the-snowman-l-uomo-di-neve_1536x2048_logo.jpg	25m		Italiano	Kids
Italiano	The Snowman and The Snowdog - L'Uomo di neve e il cucciolo di neve	2012	Animazione - Fantastico	https://b70cb04c54ab478189e9d8ee45637b13.msvdn.net/dom7/podcastcdn/teche_root/KIDS_TECHE_HD/SMYssSlash3Omhs0HPNMOSkriGPgeeqqEEqualeeqqEEqual_,1200,1800,2400,.mp4.csmil/playlist.m3u8?auth=daEaPamcddrc5d7ahcQb7bybidJb5bkcwbQ-bJdhow-c0-BjtwuHu&aifp=V001	m3u8	Un bambino trasloca in una nuova casa con la mamma e il cagnolino ormai vecchio e malandato. Al sopraggiungere dell'inverno rimane senza il suo fido compagno di giochi, ma un giorno, nascosta sotto le assi del pavimento, trova una scatola con una sciarpa, un cappello, dei pezzetti di carbone e un frutto un po' rinsecchito: c'è tutto il necessario per fare un pupazzo di neve e dare inizio a un'avventura che sembra un sogno ad occhi aperti... Sequel di "The Snowman - L'Uomo di neve" tratto dal racconto di Raymond Briggs	https://www.raiplay.it/cropgd/300x400/dl/img/2021/12/30/1640881634949_the-snowman-l-uomo-di-neve_1536x2048_logo.jpg	24m		Italiano	Kids
Italiano	TKKG - Intrepidi Detective	2019	Commedia/Famiglia	https://creativemedia6-rai-it.akamaized.net/podcastcdn/teche_root/KIDS_TECHE_HD/13649391_2400.mp4?auth=daEa4b8c.aAcOb1dUdibDaYbRbtaiaJaZcz-bJhkjm-c0-GkrwtEt&aifp=V001	m3u8	Quando si conoscono al college, Tim e Willi non vanno molto d'accordo. Il fatto che uno sia povero e l'altro ricco contribuisce a dividerli. Il rapimento del padre di Willi e il furto di una statua portano però i due ragazzini a stringere amicizia e a capire di avere in comune molto più di quanto pensassero	https://www.raiplay.it/cropgd/300x400/dl/img/2021/01/05/1609855838424_TKKG%20-%20Intrepidi%20Detective_1536x2048logo.jpg	1h32m		Italiano	Kids
Italiano	Tommy e Oscar	2008	Animazione - Fantastico	https://b70cb04c54ab478189e9d8ee45637b13.msvdn.net/dom6/podcastcdn/teche_root/KIDS_TECHE_HD/13845948_,1200,1800,2400,.mp4.csmil/playlist.m3u8?auth=daEdaaKbUaMasaGdKauava4cZcuckaJdZcG-bJdhFz-c0-AjxvxEv&aifp=V001	m3u8	Oscar, adorabile e bizzarro alieno proveniente da Pianota, il pianeta della Musica, è costretto ad atterrare sulla terra a causa di un guasto della sua navicella. Qui fa amicizia con Tommy, un coraggioso e carismatico ragazzino di 10 anni che per ogni missione riceve dal suo zio inventore, il Prof. Leonard, una serie di gadget ultra-tecnologici. I due, uniti dalla passione per la musica e l'amore verso tutte le razze, vivono assieme emozionanti avventure in tutti gli angoli del mondo, risolvono misteri e salvano persone in pericolo	https://www.raiplay.it/cropgd/300x400/dl/img/2021/01/29/1611950641147_tommy-e-oscar_1536x2048_logo.jpg	1h16m		Italiano	Kids
Italiano	Triplo guaio per tre	2020	Famiglia	https://b70cb04c54ab478189e9d8ee45637b13.msvdn.net/dom7/podcastcdn/teche_root/KIDS_TECHE_HD/0zFkssSlashsXSWpobJ4b9rpPpPlussq14weeqqEEqualeeqqEEqual_,1200,1800,2400,.mp4.csmil/playlist.m3u8?auth=daEbRbpb6aGdpbcavabaQa1btcrdib6bYaQ-bJdj7n-c0-DkwvzEp&aifp=V001	m3u8	Quando un inestimabile Monet scompare dal museo cittadino, Julka e il suo migliore amico Olek si mettono sulle tracce del ladro d'arte, mentre Felka, nuova arrivata, sembra mettere in crisi la loro amicizia...	https://www.raiplay.it/cropgd/300x400/dl/img/2022/04/14/1649954499657_triplo-guaio-per-tre_1536x2048_logo.jpg	1h24m		Italiano	Kids
Italiano	Uccelli straordinari	2021	Animazione - Fantastico	https://b70cb04c54ab478189e9d8ee45637b13.msvdn.net/dom6/podcastcdn/teche_root/KIDS_TECHE_HD/hQ16pPpPlussoxyo4gh5OlIOJpqpPpPlussQeeqqEEqualeeqqEEqual_,1200,1800,2400,.mp4.csmil/playlist.m3u8?auth=daEcNaHcrdxa2akdUd3d1dLaccodea1dVbb-bJdmVd-c0-JjuwyHq&aifp=V001	m3u8	Per Ellie, timida ragazzina appena arrivata in prima media, non è facile farsi degli amici. Preferisce perdersi ogni giorno a osservare gli uccelli lungo la strada che la porta a scuola o nel cortile a ricreazione o ancora passare il pomeriggio in biblioteca immersa tra i libri che ritraggono volatili straordinari. Finché un giorno le prestano un raro e prezioso libro di ornitologia. Per restituirlo la giovane dovrà affrontare mille ostacoli...	https://www.raiplay.it/cropgd/300x400/dl/img/2022/03/03/1646336832541_uccelli-straordinari_1536x2048_logo.jpg	32m		Italiano	Kids
Italiano	Vanille	2020	Animazione - Fantastico	https://b70cb04c54ab478189e9d8ee45637b13.msvdn.net/dom6/podcastcdn/teche_root/KIDS_TECHE_HD/15534515_,1200,1800,2400,.mp4.csmil/playlist.m3u8?auth=daEaPdNbOa2dYdra.bxcJcvaKambYbEc9aW-bJdogE-c0-BmAvrEr&aifp=V001	m3u8	Vanille viene invitata dalla zia a passare qualche giorno a Guadalupa. Per la ragazzina le prime ore sull'isola sono terribili: tutto le sembra strano... Come la storia che si racconta circa una creatura malvagia che di notte ruba i capelli delle donne del villaggio. Vanille non ci crede, ma quando vede una specie di uccello nero alle prese con la chioma di sua zia, parte insieme a Oba, spirito dei boschi con le sembianze di un ragazzino, per recuperare il polline di un fiore che può neutralizzare la creatura	https://www.raiplay.it/cropgd/300x400/dl/img/2021/11/23/1637695226914_vanille_1536x2048_logo.jpg	30m		Italiano	Kids
Italiano	Wendy - Un cavallo per amico	2016	Famiglia	https://b70cb04c54ab478189e9d8ee45637b13.msvdn.net/dom2/podcastcdn/teche_root/PLAYRAI_TECHE_CINEMA_HD_2/9882093_,1200,1800,2400,.mp4.csmil/playlist.m3u8?auth=daEbtcFbzamdldWdFcAb1dEdmb0cadhbvbw-bJhkwc-c0-JlsvwEp&aifp=V001	m3u8	Dopo una brutta caduta da cavallo, la giovane Wendy non riesce più a cavalcare. Un giorno però incontra fortuitamente Dixie, un giovane cavallo destinato al macello: riuscirà il profondo legame che si stabilisce tra i due ad aiutare la ragazza a superare le sue paure e a rendere di nuovo competitiva la fattoria della nonna, salvandola dal fallimento?	https://www.raiplay.it/cropgd/300x400/dl/img/2019/07/15/1563205766465_1536x2048-logo.JPG	1h28m		Italiano	Kids
Italiano	Wendy 2 - Amici per sempre	2018	Famiglia	https://b70cb04c54ab478189e9d8ee45637b13.msvdn.net/dom7/podcastcdn/teche_root/KIDS_TECHE_HD/12390498_,1200,1800,2400,.mp4.csmil/playlist.m3u8?auth=daEdIa_dQdHd6a9dPb2dMavdQchcyaSbUbo-bJhkw8-c0-EjuxtHq&aifp=V001	m3u8	Wendy vive felicemente per un anno con i genitori Heike e Gunnar a Rosenborg. La situazione però non è rosea per il ranch della nonna Herta, oramai prossimo alla bancarotta. Quando apprende di un torneo giovanile con in palio un bonus in denaro, Wendy vince la sua enorme paura di gareggiare e non ha alcun dubbio sul partecipavi. La sua cavalla Dixie però non vuole sentirne di saltare: è il caso a far sì che la strada di Wendy incroci quella di Penny, una cavalla ferita che ha bisogno di cure ed affetto e che, nonostante le sue capacità, ha sviluppato un'irrefrenabile paura di saltare	https://www.raiplay.it/cropgd/300x400/dl/img/2020/01/09/1578564734276_1536x2048_logo.jpg	1h33m		Italiano	Kids
Italiano	Winx - La fenice d'ombra	2011	Animazione - Fantastico	https://b70cb04c54ab478189e9d8ee45637b13.msvdn.net/dom2/Italy/podcastcdn/junior/Winx/Winx_7_EP_Puntate/8635780_,800,1800,.mp4.csmil/playlist.m3u8?auth=daEa.bPaQcQacaBcDb.dZbraTafbgdlbndX-bJhkx9-c0-CksutGp&aifp=V001	m3u8	Impegnate nell'ennesima battaglia contro le Trix, evase dalla prigionia grazie all'aiuto della temibile Fenice, le Winx devono giungiere al villaggio delle Pixie per recuperare il Codex e aprire così la dimensione interplanetaria. Ad aiutarle oltre alla fata Aisha anche un mago misterioso: Avalon...	https://www.raiplay.it/cropgd/300x400/dl/img/2019/11/06/1573066539326_1536x2048_logo.jpg	48m		Italiano	Kids
Italiano	Winx Club - Il mistero degli abissi	2014	Animazione - Fantastico	https://b70cb04c54ab478189e9d8ee45637b13.msvdn.net/ostr9/podcastcdn/junior/Winx/8145529_,800,1800/playlist.m3u8?auth=daEdVbEdqcAbQdidlaccuaYaschapdJb9ca-bJhkBG-c0-HkrxxGt&aifp=V001	m3u8	Mentre gli "umani" stanno inquinando gli oceani della terra minando l'armonia dell'Oceano Infinito, le perfide Trix, che da sempre sognano di sottomettere tutta Magix, si mobilitano per impossessarsi di una perla che darebbe loro un potere sconfinato... Riusciranno le nostre sei fatine a fermare i loro nemici prima che sia troppo tardi?	https://www.raiplay.it/cropgd/300x400/dl/img/2019/08/29/1567099406521_winxmisteroabissi1536x2048.jpg.jpg	1h21m		Italiano	Kids
Italiano	Zibilla	2019	Animazione - Fantastico	https://vod1-rai-it.akamaized.net/podcastcdn/teche_root/KIDS_TECHE_HD_multiaudio/ssSlashO0qyIFhi8KYxXnxp8FYLAeeqqEEqualeeqqEEqual_,1200,1800,2400/playlist.m3u8?auth=daEa7budOb.bibla7bkb4dLd.b_bFd0b3bP-bJhkN5-c0-JkrxrFp&aifp=V001	m3u8	Zibilla arriva in una nuova scuola e i compagni di classe non la accettano perché è diversa da tutti gli altri cavalli, compresi i suoi genitori: è una piccola zebra. Un'incredibile avventura e l'incontro con un leone aiuteranno, però, la nostra piccola protagonista a trovare la forza di essere se stessa e tutti gli altri ad accoglierla con allegria nella comunità dei cavalli...	https://www.raiplay.it/cropgd/300x400/dl/img/2022/01/28/1643383458073_zibilla_1536x2048_logo.jpg	27m		Italiano	Kids
Italiano	Zog	2018	Animazione - Fantastico	https://vod9-rai-it.akamaized.net/podcastcdn/raicinema/I_film_della_settimana/12122581_,800,1800,2400/playlist.m3u8?auth=daEdgcLa2dwaIdqboaAcEckaPbqbhcedXbR-bJhkPb-c0-GlyuvHp&aifp=V001	m3u8	Zog, il draghetto più perspicace della Scuola dei Draghi, è anche il più incline a cacciarsi nei guai. Per fortuna una misteriosa fanciulla si prende cura di lui. È la giovane Sabrina, destinata a diventare principessa, ma con un'aspirazione segreta: lavorare al servizio della scienza medica! I sogni dei due protagonisti non sembreranno più irrealizzabili quando Sabrina dovrà aiutare Zog a superare la prova finale che lo attende per diventare un vero drago: catturare una principessa e vincere l'agognata stella d'oro...	https://www.raiplay.it/cropgd/300x400/dl/img/2020/03/19/1584645211817_zog_1536x2048_logo.jpg	28m		Italiano	Kids
Italiano	Zog e i medici volanti	2019	Animazione - Fantastico	https://b70cb04c54ab478189e9d8ee45637b13.msvdn.net/dom6/podcastcdn/teche_root/KIDS_TECHE_HD/15534418_,1200,1800,2400,.mp4.csmil/playlist.m3u8?auth=daEajbacRbTazaoaaacdmcydsaVa2aIdCde-bJhkQh-c0-JkrwuFs&aifp=V001	m3u8	La principessa Sabrina e Ubaldo il Gagliardo sono i famosi medici volanti che in sella al fido Zog, drago pasticcione, girano il mondo per curare chi ha bisogno. Un giorno, però, mentre si reca in visita allo zio Re, Sabrina viene fatta prigioniera e costretta a dedicarsi solo al ricamo. Questo fino a quando il prepotente parente, dopo essersi ammalato, necessiterà dell'aiuto della nipote...	https://www.raiplay.it/cropgd/300x400/dl/img/2021/11/23/1637671899919_zog-e-i-medici-volanti_1536x2048_logo.jpg	26m		Italiano	Kids
